datetime,day_of_week,hour,patients_arrived,avg_acuity_level,doctors_on_shift,nurses_on_shift,arrival_to_provider_time_min,left_without_being_seen_pct,ed_length_of_stay_min,admissions,readmissions_within_30_days,patient_satisfaction_score
2025-05-01 00:00:00,Thursday,0,4,3.5,1,3,9.561426749572913,0.0,60.0,0,0,94.29776728937725
2025-05-01 01:00:00,Thursday,1,5,2.6,1,3,23.05651078697768,0.0,60.0,1,0,84.9726620893615
2025-05-01 02:00:00,Thursday,2,6,3.4,1,3,16.34698809031189,0.0,60.0,0,0,88.70171406465332
2025-05-01 03:00:00,Thursday,3,3,2.3,1,3,13.626108652306733,0.0,60.0,0,0,86.51275163792312
2025-05-01 04:00:00,Thursday,4,4,2.4,1,3,9.597666993220852,0.0,60.0,0,0,98.73003280210419
2025-05-01 05:00:00,Thursday,5,5,2.8,1,3,16.686692169371387,0.0,60.0,0,0,88.71473394576282
2025-05-01 06:00:00,Thursday,6,2,3.1,1,3,6.796851917981445,0.0,60.0,0,0,86.88426437411285
2025-05-01 07:00:00,Thursday,7,1,3.3,2,5,7.406755765863783,0.0,60.0,0,0,96.60989902301688
2025-05-01 08:00:00,Thursday,8,4,3.4,2,5,11.159126132304863,0.0,60.0,0,0,83.47306438361258
2025-05-01 09:00:00,Thursday,9,5,4.3,2,5,9.209377500430797,0.0,60.0,0,0,94.74706271986157
2025-05-01 10:00:00,Thursday,10,4,4.1,2,5,15.31593323893605,0.0,60.0,0,0,91.29378621112804
2025-05-01 11:00:00,Thursday,11,3,4.4,2,5,7.710195892681071,0.0,60.0,0,0,97.83199632449008
2025-05-01 12:00:00,Thursday,12,8,4.0,2,5,14.044412708759776,0.0,60.0,0,0,87.47023622958099
2025-05-01 13:00:00,Thursday,13,7,3.1,2,5,14.410604701408086,0.0,60.0,1,0,92.43936580505992
2025-05-01 14:00:00,Thursday,14,4,4.5,2,5,13.217708963602863,0.0,60.0,0,0,98.77601648231725
2025-05-01 15:00:00,Thursday,15,3,4.4,2,5,6.85339112254866,0.0,60.0,0,0,92.66851140727456
2025-05-01 16:00:00,Thursday,16,8,3.5,2,5,17.72013937890711,0.0,60.0,1,0,100.0
2025-05-01 17:00:00,Thursday,17,7,3.4,2,5,15.20284750607919,0.0,60.0,1,0,91.04781057616499
2025-05-01 18:00:00,Thursday,18,7,3.2,2,5,11.60117868213758,0.0,60.0,1,0,100.0
2025-05-01 19:00:00,Thursday,19,7,4.3,2,5,14.791496788056486,0.0,60.0,1,0,83.08625305854372
2025-05-01 20:00:00,Thursday,20,7,4.3,1,3,17.091546867074694,0.0,60.0,1,0,87.23602785645114
2025-05-01 21:00:00,Thursday,21,7,4.1,1,3,21.853877081999137,0.0,60.0,1,0,79.71918429380833
2025-05-01 22:00:00,Thursday,22,9,3.1,1,3,21.480481254435865,0.0,60.0,1,0,88.61975651357908
2025-05-01 23:00:00,Thursday,23,2,3.0,1,3,9.231605617149846,0.0,60.0,0,0,89.23450164237624
2025-05-02 00:00:00,Friday,0,4,2.3,1,3,14.66081137564247,0.0,60.0,0,0,88.7266494584478
2025-05-02 01:00:00,Friday,1,0,2.9,1,3,5.0,0.0,60.0,0,0,95.07892850490518
2025-05-02 02:00:00,Friday,2,1,2.4,1,3,7.797957949147602,0.0,60.0,0,0,94.51786175364624
2025-05-02 03:00:00,Friday,3,2,2.7,1,3,8.076027210833422,0.0,60.0,0,0,98.95662568924723
2025-05-02 04:00:00,Friday,4,5,2.7,1,3,15.287595017425442,0.0,60.0,0,0,87.77480103624521
2025-05-02 05:00:00,Friday,5,3,2.4,1,3,10.799479110093348,0.0,60.0,0,0,95.48062959620779
2025-05-02 06:00:00,Friday,6,1,3.0,1,3,9.508482697111589,0.0,60.0,0,0,94.82571881524045
2025-05-02 07:00:00,Friday,7,4,3.3,2,5,10.546702805945865,0.0,60.0,0,0,99.59408419150742
2025-05-02 08:00:00,Friday,8,5,3.4,2,5,11.363748442256629,0.0,60.0,0,0,94.15436257538326
2025-05-02 09:00:00,Friday,9,7,4.1,2,5,9.628886279847276,0.0,60.0,1,0,92.69453102318207
2025-05-02 10:00:00,Friday,10,5,3.5,2,5,9.07143115775209,0.0,60.0,0,0,96.78780566747558
2025-05-02 11:00:00,Friday,11,6,3.6,2,5,15.486185569448754,0.0,60.0,1,0,86.77461570517424
2025-05-02 12:00:00,Friday,12,3,4.2,2,5,8.258785835567389,0.0,60.0,0,0,100.0
2025-05-02 13:00:00,Friday,13,5,3.6,2,5,12.227104447953423,0.0,60.0,0,0,92.1503893292745
2025-05-02 14:00:00,Friday,14,4,3.6,2,5,11.113294798640261,0.0,60.0,0,0,93.52483433441871
2025-05-02 15:00:00,Friday,15,2,3.5,2,5,5.0,0.0,60.0,0,0,88.6673402302176
2025-05-02 16:00:00,Friday,16,11,4.3,2,5,18.468644607325764,0.0,60.0,1,0,87.67199041914084
2025-05-02 17:00:00,Friday,17,7,4.3,2,5,13.530990335497917,0.0,60.0,1,0,89.64906794921009
2025-05-02 18:00:00,Friday,18,11,4.4,2,5,18.65255257194144,0.0,60.0,1,0,93.31335871667646
2025-05-02 19:00:00,Friday,19,9,3.3,2,5,17.199591937105826,0.0,60.0,1,0,89.16710537388872
2025-05-02 20:00:00,Friday,20,8,4.3,1,3,23.933714735385628,0.0,60.0,1,0,91.91933096179156
2025-05-02 21:00:00,Friday,21,5,4.3,1,3,18.22561233379784,0.0,60.0,0,0,91.54882801389499
2025-05-02 22:00:00,Friday,22,9,3.1,1,3,25.926775088126707,5.565743855597844,61.66677413421671,1,0,90.70884487806465
2025-05-02 23:00:00,Friday,23,2,3.9,1,3,10.597563341759308,0.0,60.0,0,0,90.62201595007056
2025-05-03 00:00:00,Saturday,0,3,3.1,1,3,10.435200486263911,0.0,60.0,0,0,88.74959671704133
2025-05-03 01:00:00,Saturday,1,4,3.5,1,3,16.33832227804238,0.0,60.0,0,0,95.9128163233709
2025-05-03 02:00:00,Saturday,2,5,2.2,1,3,16.994410773377826,0.0,60.0,1,0,91.62139158120397
2025-05-03 03:00:00,Saturday,3,4,2.6,1,3,12.531968529447404,0.0,60.0,0,0,90.864476710097
2025-05-03 04:00:00,Saturday,4,2,2.9,1,3,9.304993773725755,0.0,60.0,0,0,93.84750422439268
2025-05-03 05:00:00,Saturday,5,5,2.8,1,3,18.71204306519956,0.0,60.0,0,0,100.0
2025-05-03 06:00:00,Saturday,6,5,3.2,1,3,13.02454993998695,0.0,60.0,0,0,95.7988516038962
2025-05-03 07:00:00,Saturday,7,8,3.7,2,5,15.620334435915977,0.0,60.0,1,0,97.70502951375869
2025-05-03 08:00:00,Saturday,8,11,4.5,2,5,16.928479071678304,0.0,60.0,2,0,97.77947922029156
2025-05-03 09:00:00,Saturday,9,4,3.3,2,5,7.707744950176527,0.0,60.0,0,0,87.04989423549827
2025-05-03 10:00:00,Saturday,10,7,3.8,2,5,12.668869124995217,0.0,60.0,1,0,93.50612940836467
2025-05-03 11:00:00,Saturday,11,8,3.7,2,5,11.963845008880366,0.0,60.0,1,0,90.57993947805035
2025-05-03 12:00:00,Saturday,12,9,3.3,2,5,18.66694792993313,0.0,60.0,2,0,90.25891788980226
2025-05-03 13:00:00,Saturday,13,10,4.1,2,5,14.92148800374356,0.0,60.0,2,0,85.99575293983203
2025-05-03 14:00:00,Saturday,14,8,3.7,2,5,14.889293796348955,0.0,60.0,0,0,87.68648328826207
2025-05-03 15:00:00,Saturday,15,9,3.8,2,5,16.586191311693582,0.0,60.0,1,0,100.0
2025-05-03 16:00:00,Saturday,16,14,3.4,2,5,21.445786598874776,0.0,60.0,2,0,80.96357968606995
2025-05-03 17:00:00,Saturday,17,10,4.4,2,5,13.535443196047149,0.0,60.0,1,0,92.49697426948487
2025-05-03 18:00:00,Saturday,18,9,3.5,2,5,16.90593659925794,0.0,60.0,1,0,83.76048042722383
2025-05-03 19:00:00,Saturday,19,14,3.9,2,5,21.98710574683391,0.0,60.0,3,0,93.34032433579168
2025-05-03 20:00:00,Saturday,20,9,3.5,1,3,25.85138703261083,0.0,60.2391625701669,2,0,84.52971664774375
2025-05-03 21:00:00,Saturday,21,12,3.5,1,3,29.8366326409223,0.0,70.13441558330481,2,0,91.24900322948432
2025-05-03 22:00:00,Saturday,22,9,3.5,1,3,27.60528129017382,0.08928298897838394,60.0,2,0,99.3862162192042
2025-05-03 23:00:00,Saturday,23,9,3.1,1,3,29.09724957621009,7.387948530549356,60.0,1,0,77.3901031828079
2025-05-04 00:00:00,Sunday,0,4,2.9,1,3,12.744405303759477,0.0,60.0,0,0,100.0
2025-05-04 01:00:00,Sunday,1,5,3.5,1,3,15.327569363251687,0.0,60.0,0,0,89.16851229306113
2025-05-04 02:00:00,Sunday,2,4,3.0,1,3,10.911362948586252,0.0,60.0,0,0,89.89830507583709
2025-05-04 03:00:00,Sunday,3,5,3.2,1,3,16.38020639667856,0.0,60.0,1,0,86.35706185400686
2025-05-04 04:00:00,Sunday,4,4,2.5,1,3,14.013961028671908,0.0,60.0,0,0,93.42015880213032
2025-05-04 05:00:00,Sunday,5,3,2.9,1,3,12.70225411206589,0.0,60.0,0,0,92.66420543355811
2025-05-04 06:00:00,Sunday,6,5,3.5,1,3,15.655577254217476,0.0,60.0,1,0,97.36078208794716
2025-05-04 07:00:00,Sunday,7,6,3.2,2,5,11.434848465615513,0.0,60.0,0,0,97.44715462111756
2025-05-04 08:00:00,Sunday,8,9,4.0,2,5,15.525125493579022,0.0,60.0,1,0,90.48499555723839
2025-05-04 09:00:00,Sunday,9,9,3.5,2,5,17.096111454362227,0.0,60.0,0,0,97.07936434472384
2025-05-04 10:00:00,Sunday,10,7,4.0,2,5,15.459221374100576,0.0,60.0,1,0,100.0
2025-05-04 11:00:00,Sunday,11,6,3.4,2,5,14.626796070717264,0.0,60.0,0,0,81.27268910272949
2025-05-04 12:00:00,Sunday,12,8,3.2,2,5,14.534986643421767,0.0,60.0,0,0,93.43007090812561
2025-05-04 13:00:00,Sunday,13,8,4.1,2,5,14.554303107299152,0.0,60.0,1,0,92.83941381278139
2025-05-04 14:00:00,Sunday,14,11,3.5,2,5,19.98645777015895,0.0,60.0,2,0,93.05916494824386
2025-05-04 15:00:00,Sunday,15,9,3.1,2,5,18.02262363132196,0.0,60.0,2,0,87.56128932328234
2025-05-04 16:00:00,Sunday,16,13,3.7,2,5,21.84416848385662,0.0,60.0,1,0,89.07402124101277
2025-05-04 17:00:00,Sunday,17,12,4.5,2,5,18.913934976861178,0.0,60.0,2,0,89.77060825900482
2025-05-04 18:00:00,Sunday,18,12,3.8,2,5,22.075186607558564,0.0,60.0,2,0,87.49606740975152
2025-05-04 19:00:00,Sunday,19,11,4.2,2,5,21.526023877341807,0.0,60.0,2,0,94.2471011212604
2025-05-04 20:00:00,Sunday,20,11,3.4,1,3,28.003378743754755,2.69525488673595,60.0,1,0,81.64190030889938
2025-05-04 21:00:00,Sunday,21,9,3.6,1,3,25.030810741328736,2.4056832187874733,60.0,1,0,80.69013410922224
2025-05-04 22:00:00,Sunday,22,14,4.2,1,3,33.33038231703815,13.369961088724517,78.63255070964064,1,0,84.12711514915024
2025-05-04 23:00:00,Sunday,23,7,3.5,1,3,24.202088941648782,0.0,60.0,1,0,80.64498965180185
2025-05-05 00:00:00,Monday,0,1,3.0,1,3,8.042317471192252,0.0,60.0,0,0,88.12435823660931
2025-05-05 01:00:00,Monday,1,0,2.0,1,3,5.0,0.0,60.0,0,0,97.85170107808734
2025-05-05 02:00:00,Monday,2,4,2.9,1,3,17.671289555972244,0.0,60.0,0,0,94.39322755862628
2025-05-05 03:00:00,Monday,3,3,3.3,1,3,11.728418221707393,0.0,60.0,0,0,94.22204981689036
2025-05-05 04:00:00,Monday,4,3,2.5,1,3,11.2626912715024,0.0,60.0,0,0,95.65279154748706
2025-05-05 05:00:00,Monday,5,2,2.2,1,3,9.280061277579335,0.0,60.0,0,0,98.22624993438149
2025-05-05 06:00:00,Monday,6,3,3.3,1,3,15.874649766027288,0.0,60.0,0,0,96.18777434420086
2025-05-05 07:00:00,Monday,7,6,3.3,2,5,13.983245191130331,0.0,60.0,1,0,97.79356827910986
2025-05-05 08:00:00,Monday,8,6,3.2,2,5,13.912535550489192,0.0,60.0,0,0,93.55772257238912
2025-05-05 09:00:00,Monday,9,8,3.4,2,5,15.59402510258804,0.0,60.0,0,0,94.76375025774377
2025-05-05 10:00:00,Monday,10,7,4.1,2,5,12.96806864378857,0.0,60.0,1,0,94.70487639946622
2025-05-05 11:00:00,Monday,11,4,3.2,2,5,6.7405011472785255,0.0,60.0,0,0,93.50654725180989
2025-05-05 12:00:00,Monday,12,3,3.4,2,5,7.491842755621907,0.0,60.0,0,0,92.03155590114322
2025-05-05 13:00:00,Monday,13,3,3.3,2,5,9.153832439202947,0.0,60.0,0,0,88.00371411754169
2025-05-05 14:00:00,Monday,14,4,3.9,2,5,12.283196234007837,0.0,60.0,0,0,95.49585980238147
2025-05-05 15:00:00,Monday,15,5,3.3,2,5,12.05083513623962,0.0,60.0,1,0,92.55751428284529
2025-05-05 16:00:00,Monday,16,7,3.2,2,5,15.226767703156044,0.0,60.0,0,0,83.55992891162495
2025-05-05 17:00:00,Monday,17,10,3.6,2,5,15.064716058432495,0.0,60.0,1,0,93.28848022162012
2025-05-05 18:00:00,Monday,18,9,4.1,2,5,17.402799485972658,0.0,60.0,2,0,94.84328899190298
2025-05-05 19:00:00,Monday,19,8,3.2,2,5,16.728428186725935,0.0,60.0,1,0,98.92803492601443
2025-05-05 20:00:00,Monday,20,8,4.2,1,3,18.992222736012028,0.0,60.0,1,0,91.80565542269395
2025-05-05 21:00:00,Monday,21,4,3.8,1,3,14.907856889171319,0.0,60.0,0,0,95.88284125268073
2025-05-05 22:00:00,Monday,22,7,3.5,1,3,21.711963804731877,0.0,60.0,1,0,95.48936542439765
2025-05-05 23:00:00,Monday,23,4,3.4,1,3,14.263893565442814,0.0,60.0,0,0,93.5253266664605
2025-05-06 00:00:00,Tuesday,0,6,2.5,1,3,19.833728258987268,0.0,60.0,0,0,86.64517524890157
2025-05-06 01:00:00,Tuesday,1,2,2.2,1,3,6.287866396133546,0.0,60.0,0,0,100.0
2025-05-06 02:00:00,Tuesday,2,2,2.8,1,3,10.255124746064169,0.0,60.0,0,0,100.0
2025-05-06 03:00:00,Tuesday,3,4,2.2,1,3,13.248182350501597,0.0,60.0,0,0,94.18850294296881
2025-05-06 04:00:00,Tuesday,4,3,3.4,1,3,12.292559955875129,0.0,60.0,0,0,89.43361392304126
2025-05-06 05:00:00,Tuesday,5,2,3.5,1,3,6.409851532962371,0.0,60.0,0,0,100.0
2025-05-06 06:00:00,Tuesday,6,3,2.2,1,3,13.168055178966016,0.0,60.0,0,0,85.71122271195189
2025-05-06 07:00:00,Tuesday,7,4,4.1,2,5,11.572527459014278,0.0,60.0,0,0,85.32244504336629
2025-05-06 08:00:00,Tuesday,8,5,4.0,2,5,12.948951770982527,0.0,60.0,0,0,88.47483519598703
2025-05-06 09:00:00,Tuesday,9,3,3.2,2,5,7.796152502942481,0.0,60.0,0,0,100.0
2025-05-06 10:00:00,Tuesday,10,7,3.0,2,5,13.005707430454217,0.0,60.0,0,0,92.35943154014299
2025-05-06 11:00:00,Tuesday,11,4,4.2,2,5,9.947215250204273,0.0,60.0,0,0,92.25382497457208
2025-05-06 12:00:00,Tuesday,12,5,4.5,2,5,10.944357779640907,0.0,60.0,0,0,85.80634485596222
2025-05-06 13:00:00,Tuesday,13,6,3.6,2,5,12.198483093113934,0.0,60.0,0,0,100.0
2025-05-06 14:00:00,Tuesday,14,3,3.3,2,5,8.788523245401601,0.0,60.0,0,0,98.32402911625421
2025-05-06 15:00:00,Tuesday,15,1,4.4,2,5,6.56195052605332,0.0,60.0,0,0,97.34189652445475
2025-05-06 16:00:00,Tuesday,16,8,3.8,2,5,13.073755001720627,0.0,60.0,1,0,89.83798548228845
2025-05-06 17:00:00,Tuesday,17,3,4.4,2,5,7.744427444329217,0.0,60.0,0,0,95.3025733612639
2025-05-06 18:00:00,Tuesday,18,7,3.8,2,5,11.246215056020539,0.0,60.0,0,0,92.84019240292075
2025-05-06 19:00:00,Tuesday,19,12,3.5,2,5,20.181871352794268,0.0,60.0,2,0,80.67395346072979
2025-05-06 20:00:00,Tuesday,20,5,4.2,1,3,16.25489239941065,0.0,60.0,0,0,99.50983679328282
2025-05-06 21:00:00,Tuesday,21,7,3.5,1,3,18.20410266662862,0.0,60.0,1,0,95.09602251573494
2025-05-06 22:00:00,Tuesday,22,7,3.5,1,3,20.285425311784692,0.0,60.0,1,0,86.69186757165781
2025-05-06 23:00:00,Tuesday,23,2,3.1,1,3,12.931220871748206,0.0,60.0,0,0,95.38964147006773
2025-05-07 00:00:00,Wednesday,0,5,3.4,1,3,13.816652197666244,0.0,60.0,0,0,87.72736010536099
2025-05-07 01:00:00,Wednesday,1,3,2.5,1,3,12.13299600945859,0.0,60.0,0,0,94.28026277721447
2025-05-07 02:00:00,Wednesday,2,2,3.3,1,3,10.497950897462589,0.0,60.0,0,0,96.26445396067953
2025-05-07 03:00:00,Wednesday,3,0,2.6,1,3,5.941055981749103,0.0,60.0,0,0,92.26132616644098
2025-05-07 04:00:00,Wednesday,4,0,2.5,1,3,8.93828761337642,0.0,60.0,0,0,95.31460408700546
2025-05-07 05:00:00,Wednesday,5,0,3.1,1,3,5.0,0.0,60.0,0,0,99.48821040461915
2025-05-07 06:00:00,Wednesday,6,4,3.2,1,3,16.619018608948288,0.0,60.0,0,0,94.65555817679177
2025-05-07 07:00:00,Wednesday,7,6,3.7,2,5,14.822826192200084,0.0,60.0,0,0,92.73262646092294
2025-05-07 08:00:00,Wednesday,8,8,3.6,2,5,11.528326548349053,0.0,60.0,1,0,86.35950650830013
2025-05-07 09:00:00,Wednesday,9,8,4.5,2,5,12.807892582051235,0.0,60.0,1,0,89.05352029672301
2025-05-07 10:00:00,Wednesday,10,0,3.8,2,5,6.039689124451934,0.0,60.0,0,0,94.18695335435285
2025-05-07 11:00:00,Wednesday,11,4,3.2,2,5,11.803349649007203,0.0,60.0,0,0,100.0
2025-05-07 12:00:00,Wednesday,12,2,3.8,2,5,9.63489930047098,0.0,60.0,0,0,96.03191088181026
2025-05-07 13:00:00,Wednesday,13,4,3.7,2,5,10.025489249022824,0.0,60.0,0,0,97.53370232256884
2025-05-07 14:00:00,Wednesday,14,6,3.7,2,5,8.612787298828653,0.0,60.0,0,0,95.16044457626258
2025-05-07 15:00:00,Wednesday,15,7,4.4,2,5,9.4979660218042,0.0,60.0,1,0,91.76716596775115
2025-05-07 16:00:00,Wednesday,16,7,3.2,2,5,14.8350988419485,0.0,60.0,1,0,92.9659998820506
2025-05-07 17:00:00,Wednesday,17,11,3.4,2,5,19.345404892200868,0.0,60.0,2,0,100.0
2025-05-07 18:00:00,Wednesday,18,8,3.2,2,5,15.296699708597096,0.0,60.0,1,0,85.94756483130898
2025-05-07 19:00:00,Wednesday,19,8,4.2,2,5,16.64323982256965,0.0,60.0,1,0,90.60677726435695
2025-05-07 20:00:00,Wednesday,20,10,3.0,1,3,26.11726217206845,1.7247768780088641,60.09027091141951,2,0,88.6300672103524
2025-05-07 21:00:00,Wednesday,21,13,3.4,1,3,37.554756178604634,13.376409801961842,85.87551342718116,2,0,90.42232950692568
2025-05-07 22:00:00,Wednesday,22,9,3.5,1,3,26.056685402796656,0.10442423980666504,60.0,1,0,90.86699431552168
2025-05-07 23:00:00,Wednesday,23,5,3.3,1,3,17.960960149753912,0.0,60.0,0,0,91.44284173872344
2025-05-08 00:00:00,Thursday,0,0,2.0,1,3,5.0,0.0,60.0,0,0,96.72533687314997
2025-05-08 01:00:00,Thursday,1,0,2.2,1,3,5.0,0.0,60.0,0,0,100.0
2025-05-08 02:00:00,Thursday,2,3,2.7,1,3,11.179049134915097,0.0,60.0,0,0,98.40575086167624
2025-05-08 03:00:00,Thursday,3,1,2.3,1,3,8.681873135243617,0.0,60.0,0,0,92.99408321719288
2025-05-08 04:00:00,Thursday,4,3,3.3,1,3,13.193206068859675,0.0,60.0,0,0,95.30562927171056
2025-05-08 05:00:00,Thursday,5,3,3.5,1,3,13.067121843112929,0.0,60.0,0,0,100.0
2025-05-08 06:00:00,Thursday,6,5,2.7,1,3,17.98598258590829,0.0,60.0,0,0,93.61445270363967
2025-05-08 07:00:00,Thursday,7,8,3.5,2,5,13.184928623482435,0.0,60.0,1,0,96.17067581350649
2025-05-08 08:00:00,Thursday,8,3,3.6,2,5,11.368243055369783,0.0,60.0,0,0,93.98185576811827
2025-05-08 09:00:00,Thursday,9,7,4.3,2,5,13.34898714284798,0.0,60.0,1,0,89.97645496093861
2025-05-08 10:00:00,Thursday,10,3,4.3,2,5,12.460788694191226,0.0,60.0,0,0,94.02165613750495
2025-05-08 11:00:00,Thursday,11,3,3.5,2,5,6.0022903024204695,0.0,60.0,0,0,96.66532104635665
2025-05-08 12:00:00,Thursday,12,4,4.0,2,5,8.36208780520839,0.0,60.0,0,0,93.25597224407781
2025-05-08 13:00:00,Thursday,13,3,3.1,2,5,7.488965143182318,0.0,60.0,0,0,86.08138433122598
2025-05-08 14:00:00,Thursday,14,5,4.0,2,5,10.956405738361441,0.0,60.0,1,0,91.22385372063593
2025-05-08 15:00:00,Thursday,15,5,3.1,2,5,6.524340489369488,0.0,60.0,1,0,100.0
2025-05-08 16:00:00,Thursday,16,9,3.4,2,5,13.26780369985914,0.0,60.0,1,0,92.86017442384404
2025-05-08 17:00:00,Thursday,17,10,3.3,2,5,16.458547089691066,0.0,60.0,1,0,100.0
2025-05-08 18:00:00,Thursday,18,8,3.9,2,5,16.592469067234777,0.0,60.0,1,0,82.46942588566304
2025-05-08 19:00:00,Thursday,19,7,4.4,2,5,13.648895856128435,0.0,60.0,0,0,100.0
2025-05-08 20:00:00,Thursday,20,10,4.4,1,3,25.487672693743335,0.0,64.29508266757877,1,0,84.08357023596969
2025-05-08 21:00:00,Thursday,21,10,4.2,1,3,28.26322917822177,5.9947047196814625,60.0,1,0,83.57007980161039
2025-05-08 22:00:00,Thursday,22,8,4.3,1,3,26.106237224624735,0.0,60.0,0,0,79.49994416034863
2025-05-08 23:00:00,Thursday,23,4,4.0,1,3,13.894513960715855,0.0,60.0,0,0,86.1838814316623
2025-05-09 00:00:00,Friday,0,6,2.6,1,3,17.2918354881835,0.0,60.0,1,0,87.00060551418703
2025-05-09 01:00:00,Friday,1,7,3.0,1,3,24.329149777159927,1.4601513458715178,60.0,1,0,84.0493624436351
2025-05-09 02:00:00,Friday,2,5,3.0,1,3,10.06238753767655,0.0,60.0,1,0,100.0
2025-05-09 03:00:00,Friday,3,6,3.4,1,3,15.629885790319888,0.0,60.0,0,0,93.12790997111563
2025-05-09 04:00:00,Friday,4,4,2.6,1,3,14.927770873644203,0.0,60.0,0,0,95.30421617890875
2025-05-09 05:00:00,Friday,5,0,2.1,1,3,5.0,0.0,60.0,0,0,100.0
2025-05-09 06:00:00,Friday,6,2,3.4,1,3,6.805945334447591,0.0,60.0,0,0,95.95374156259356
2025-05-09 07:00:00,Friday,7,8,4.1,2,5,14.120230217469018,0.0,60.0,1,0,92.48424955390782
2025-05-09 08:00:00,Friday,8,2,3.8,2,5,7.009325987643256,0.0,60.0,0,0,93.27197737773619
2025-05-09 09:00:00,Friday,9,6,4.3,2,5,15.814153086346622,0.0,60.0,0,0,93.8840443630626
2025-05-09 10:00:00,Friday,10,8,3.8,2,5,13.654362258589536,0.0,60.0,1,0,91.97469193810224
2025-05-09 11:00:00,Friday,11,5,4.0,2,5,9.946950944629592,0.0,60.0,0,0,83.37636213311204
2025-05-09 12:00:00,Friday,12,6,3.6,2,5,14.473560362236363,0.0,60.0,0,0,100.0
2025-05-09 13:00:00,Friday,13,6,3.3,2,5,12.86212430122196,0.0,60.0,1,0,86.24590476931644
2025-05-09 14:00:00,Friday,14,1,4.0,2,5,5.1756220779321165,0.0,60.0,0,0,98.75901903056881
2025-05-09 15:00:00,Friday,15,3,4.2,2,5,9.55970954917413,0.0,60.0,0,0,99.28519808209197
2025-05-09 16:00:00,Friday,16,13,3.8,2,5,20.13786307953338,0.0,60.0,2,0,90.35740659821664
2025-05-09 17:00:00,Friday,17,11,3.2,2,5,21.800865874682138,0.0,60.0,2,0,76.5437719159727
2025-05-09 18:00:00,Friday,18,11,4.0,2,5,17.160747482829855,0.0,60.0,2,0,89.79545603809521
2025-05-09 19:00:00,Friday,19,10,3.3,2,5,16.730268941942875,0.0,60.0,1,0,96.36696605250687
2025-05-09 20:00:00,Friday,20,8,3.3,1,3,23.508041118703176,0.0,60.0,1,0,91.27794962207373
2025-05-09 21:00:00,Friday,21,10,3.8,1,3,28.240232314068805,4.132415920272054,60.0,1,0,84.80185606468001
2025-05-09 22:00:00,Friday,22,9,3.5,1,3,23.748568587290737,0.0,60.0,1,0,87.7628937029097
2025-05-09 23:00:00,Friday,23,6,4.0,1,3,19.75271637787749,0.0,60.0,0,0,93.01880072439467
2025-05-10 00:00:00,Saturday,0,7,2.2,1,3,19.533619867109373,0.0,60.0,1,0,91.26306306125207
2025-05-10 01:00:00,Saturday,1,6,3.3,1,3,22.46388269499375,0.0,60.0,0,0,85.39975683667333
2025-05-10 02:00:00,Saturday,2,7,2.6,1,3,21.86850071864113,0.0,60.0,1,0,86.41025344385088
2025-05-10 03:00:00,Saturday,3,3,2.4,1,3,10.391381673540735,0.0,60.0,0,0,96.3882278572009
2025-05-10 04:00:00,Saturday,4,5,2.6,1,3,19.537262948757167,0.0,60.0,1,0,91.15423112703877
2025-05-10 05:00:00,Saturday,5,7,2.8,1,3,19.918212364244937,0.0,60.0,1,0,88.21725550799408
2025-05-10 06:00:00,Saturday,6,5,2.7,1,3,14.46612127033891,0.0,60.0,0,0,87.13139720310188
2025-05-10 07:00:00,Saturday,7,5,4.1,2,5,13.302257312462041,0.0,60.0,0,0,89.22867953182374
2025-05-10 08:00:00,Saturday,8,6,4.3,2,5,10.092829763722664,0.0,60.0,0,0,100.0
2025-05-10 09:00:00,Saturday,9,8,3.9,2,5,15.240898763582905,0.0,60.0,1,0,89.1852375091463
2025-05-10 10:00:00,Saturday,10,10,4.3,2,5,17.703446873593414,0.0,60.0,2,0,89.48946679905839
2025-05-10 11:00:00,Saturday,11,8,4.1,2,5,16.075684016539437,0.0,60.0,1,0,100.0
2025-05-10 12:00:00,Saturday,12,11,3.3,2,5,22.54372328179014,0.0,60.0,2,0,87.32314794015174
2025-05-10 13:00:00,Saturday,13,6,3.5,2,5,15.340323269563058,0.0,60.0,0,0,85.82054177874565
2025-05-10 14:00:00,Saturday,14,7,3.1,2,5,14.5607615572624,0.0,60.0,0,0,97.52533408987911
2025-05-10 15:00:00,Saturday,15,10,3.1,2,5,15.188914062379778,0.0,60.0,2,0,94.07809462481968
2025-05-10 16:00:00,Saturday,16,13,4.0,2,5,18.756286685582907,0.0,60.0,1,0,90.44949772363353
2025-05-10 17:00:00,Saturday,17,10,3.6,2,5,18.5200144199167,0.0,60.0,2,0,89.54260199303614
2025-05-10 18:00:00,Saturday,18,13,3.8,2,5,21.2368259334787,0.0,60.0,3,0,90.17640960684281
2025-05-10 19:00:00,Saturday,19,10,3.5,2,5,15.055196027952082,0.0,60.0,1,0,96.37432018854787
2025-05-10 20:00:00,Saturday,20,11,3.7,1,3,28.55940390103376,1.579577715711828,60.0,1,0,87.64177453846972
2025-05-10 21:00:00,Saturday,21,11,3.5,1,3,24.451814951213677,0.0,62.777772775295645,1,0,89.69976146133061
2025-05-10 22:00:00,Saturday,22,10,3.5,1,3,25.55670732675533,1.4589371464553444,60.322916794494994,1,0,97.74280864009764
2025-05-10 23:00:00,Saturday,23,4,3.6,1,3,14.760322795064205,0.0,60.0,0,0,89.08635918763379
2025-05-11 00:00:00,Sunday,0,4,3.2,1,3,15.281968803861668,0.0,60.0,0,0,88.6531572584432
2025-05-11 01:00:00,Sunday,1,6,2.7,1,3,20.490127846120743,0.0,60.0,1,0,93.32774920129532
2025-05-11 02:00:00,Sunday,2,6,3.4,1,3,20.848591847343364,0.0,60.0,1,0,87.40857714024352
2025-05-11 03:00:00,Sunday,3,5,2.9,1,3,16.44404342519691,0.0,60.0,0,0,99.25100689493021
2025-05-11 04:00:00,Sunday,4,6,2.4,1,3,13.76837568853441,0.0,60.0,1,0,99.23101100411438
2025-05-11 05:00:00,Sunday,5,7,2.7,1,3,21.709434048740945,0.0,60.0,1,0,91.1433276845217
2025-05-11 06:00:00,Sunday,6,3,2.1,1,3,9.207530326030351,0.0,60.0,0,0,97.4392799625873
2025-05-11 07:00:00,Sunday,7,8,4.2,2,5,14.983838302580786,0.0,60.0,1,0,92.52072122577012
2025-05-11 08:00:00,Sunday,8,4,3.5,2,5,9.41041105685138,0.0,60.0,0,0,87.64038116650939
2025-05-11 09:00:00,Sunday,9,10,4.4,2,5,17.694945225612894,0.0,60.0,1,0,97.34189762997244
2025-05-11 10:00:00,Sunday,10,7,3.3,2,5,15.77100014233207,0.0,60.0,1,0,90.74121214699957
2025-05-11 11:00:00,Sunday,11,7,3.9,2,5,15.547505633060528,0.0,60.0,0,0,93.85789655554504
2025-05-11 12:00:00,Sunday,12,7,3.5,2,5,12.796719446565621,0.0,60.0,1,0,98.39208907491282
2025-05-11 13:00:00,Sunday,13,6,4.0,2,5,7.764931350154547,0.0,60.0,1,0,93.42112089674285
2025-05-11 14:00:00,Sunday,14,9,3.1,2,5,11.296019750987103,0.0,60.0,1,0,99.51399091757918
2025-05-11 15:00:00,Sunday,15,7,4.2,2,5,12.110771200320816,0.0,60.0,0,0,89.5217210801203
2025-05-11 16:00:00,Sunday,16,15,3.5,2,5,24.186790377678246,0.0,60.0,3,0,82.28902029292185
2025-05-11 17:00:00,Sunday,17,14,4.5,2,5,22.449979422512584,0.0,60.0,2,0,89.81739210586949
2025-05-11 18:00:00,Sunday,18,9,3.8,2,5,15.320779141761411,0.0,60.0,0,0,91.78752650625974
2025-05-11 19:00:00,Sunday,19,11,3.3,2,5,15.134930519924644,0.0,60.0,2,0,85.24865183276115
2025-05-11 20:00:00,Sunday,20,10,3.7,1,3,28.711095420491596,0.0868811324567782,60.0,1,0,89.51206457981337
2025-05-11 21:00:00,Sunday,21,7,3.3,1,3,21.107161078533963,0.0,60.0,0,0,87.73496979561287
2025-05-11 22:00:00,Sunday,22,14,3.7,1,3,34.50747547814301,8.076307306755464,85.98155322991158,1,0,78.82230351963918
2025-05-11 23:00:00,Sunday,23,7,3.2,1,3,22.274695756328896,0.0,60.0,0,0,90.98134787040394
2025-05-12 00:00:00,Monday,0,4,3.4,1,3,15.219154061240229,0.0,60.0,0,0,95.36394668464423
2025-05-12 01:00:00,Monday,1,4,2.3,1,3,9.125933797965695,0.0,60.0,0,0,100.0
2025-05-12 02:00:00,Monday,2,2,2.2,1,3,11.612006040543317,0.0,60.0,0,0,90.26296960402937
2025-05-12 03:00:00,Monday,3,6,3.3,1,3,19.796222909285763,0.0,60.0,1,0,96.46160312915772
2025-05-12 04:00:00,Monday,4,1,2.3,1,3,8.89398496948455,0.0,60.0,0,0,92.45273201449179
2025-05-12 05:00:00,Monday,5,3,2.4,1,3,12.810346567011223,0.0,60.0,0,0,94.2151648689274
2025-05-12 06:00:00,Monday,6,5,3.3,1,3,13.613578178279266,0.0,60.0,1,0,91.59861117466382
2025-05-12 07:00:00,Monday,7,5,3.9,2,5,9.3257299783528,0.0,60.0,0,0,96.60514725174748
2025-05-12 08:00:00,Monday,8,6,3.9,2,5,13.243893048226607,0.0,60.0,0,0,89.54033359150517
2025-05-12 09:00:00,Monday,9,5,3.4,2,5,11.208364992125981,0.0,60.0,0,0,98.16118334976441
2025-05-12 10:00:00,Monday,10,4,3.7,2,5,11.818964237377992,0.0,60.0,0,0,98.21712526583566
2025-05-12 11:00:00,Monday,11,6,4.2,2,5,16.06070984485708,0.0,60.0,1,0,89.7119495171004
2025-05-12 12:00:00,Monday,12,7,4.1,2,5,15.428850170302445,0.0,60.0,1,0,97.8902181141565
2025-05-12 13:00:00,Monday,13,6,4.4,2,5,11.287534440974678,0.0,60.0,1,0,90.70236734808529
2025-05-12 14:00:00,Monday,14,4,3.3,2,5,11.052483432083509,0.0,60.0,0,0,93.34636231169077
2025-05-12 15:00:00,Monday,15,4,3.2,2,5,12.769489722442954,0.0,60.0,0,0,94.87897158676348
2025-05-12 16:00:00,Monday,16,9,3.4,2,5,17.092517361494515,0.0,60.0,1,0,91.3260683709927
2025-05-12 17:00:00,Monday,17,10,3.3,2,5,15.030420403749515,0.0,60.0,2,0,90.88302387246739
2025-05-12 18:00:00,Monday,18,11,3.9,2,5,18.42126183422505,0.0,60.0,2,0,94.45735070175023
2025-05-12 19:00:00,Monday,19,8,3.6,2,5,17.06602013178707,0.0,60.0,1,0,86.73913923506261
2025-05-12 20:00:00,Monday,20,8,4.1,1,3,19.916414712499247,0.0,60.0,1,0,85.83164437758653
2025-05-12 21:00:00,Monday,21,9,3.2,1,3,27.46098553946134,0.0,60.0,1,0,91.72189655509625
2025-05-12 22:00:00,Monday,22,11,3.8,1,3,29.072465513063733,1.0393720856217332,69.62007198489813,1,0,90.23753088315323
2025-05-12 23:00:00,Monday,23,7,3.0,1,3,17.714438351533964,0.0,60.0,1,0,86.89550711786592
2025-05-13 00:00:00,Tuesday,0,1,3.2,1,3,5.3181977274879975,0.0,60.0,0,0,92.33299335964436
2025-05-13 01:00:00,Tuesday,1,4,2.9,1,3,14.246619884132912,0.0,60.0,0,0,88.85977229795058
2025-05-13 02:00:00,Tuesday,2,0,2.4,1,3,7.810042637223232,0.0,60.0,0,0,87.49978529439498
2025-05-13 03:00:00,Tuesday,3,2,2.0,1,3,9.110538556794792,0.0,60.0,0,0,98.86019963291201
2025-05-13 04:00:00,Tuesday,4,0,2.7,1,3,5.345726661235153,0.0,60.0,0,0,96.24510927196889
2025-05-13 05:00:00,Tuesday,5,3,2.5,1,3,11.266620575678958,0.0,60.0,0,0,99.46210356764888
2025-05-13 06:00:00,Tuesday,6,4,2.6,1,3,12.10166415052481,0.0,60.0,0,0,95.8696405743063
2025-05-13 07:00:00,Tuesday,7,4,3.1,2,5,9.250392305834554,0.0,60.0,0,0,100.0
2025-05-13 08:00:00,Tuesday,8,4,4.3,2,5,11.733503791097617,0.0,60.0,0,0,91.50665976365786
2025-05-13 09:00:00,Tuesday,9,1,3.8,2,5,5.0,0.0,60.0,0,0,92.94442325196634
2025-05-13 10:00:00,Tuesday,10,3,3.5,2,5,7.650371873900076,0.0,60.0,0,0,86.79160567081666
2025-05-13 11:00:00,Tuesday,11,7,3.8,2,5,16.211130162480437,0.0,60.0,1,0,95.56487783374799
2025-05-13 12:00:00,Tuesday,12,5,3.3,2,5,8.630710796184017,0.0,60.0,0,0,100.0
2025-05-13 13:00:00,Tuesday,13,6,4.4,2,5,8.925776558124504,0.0,60.0,0,0,94.02631634523897
2025-05-13 14:00:00,Tuesday,14,4,3.0,2,5,10.279134512607705,0.0,60.0,0,0,100.0
2025-05-13 15:00:00,Tuesday,15,5,3.0,2,5,9.91077276735907,0.0,60.0,0,0,89.94613680867988
2025-05-13 16:00:00,Tuesday,16,7,3.2,2,5,12.403583109422405,0.0,60.0,0,0,86.1244473327214
2025-05-13 17:00:00,Tuesday,17,9,4.3,2,5,16.86457358853631,0.0,60.0,2,0,94.40103673134406
2025-05-13 18:00:00,Tuesday,18,6,3.1,2,5,12.70137192529306,0.0,60.0,0,0,89.50823459907663
2025-05-13 19:00:00,Tuesday,19,8,4.2,2,5,9.89905129865581,0.0,60.0,1,0,91.14711964164714
2025-05-13 20:00:00,Tuesday,20,5,3.6,1,3,17.1262737293707,0.0,60.0,0,0,88.7316123768616
2025-05-13 21:00:00,Tuesday,21,10,3.5,1,3,26.37602719663475,0.0,64.96829942315301,1,0,94.02199537360688
2025-05-13 22:00:00,Tuesday,22,10,3.0,1,3,24.283209126937674,0.0,60.0,2,0,82.304648886941
2025-05-13 23:00:00,Tuesday,23,3,4.2,1,3,12.124740414025919,0.0,60.0,0,0,90.03899102364927
2025-05-14 00:00:00,Wednesday,0,0,2.5,1,3,5.0,0.0,60.0,0,0,100.0
2025-05-14 01:00:00,Wednesday,1,3,2.1,1,3,10.939280716047827,0.0,60.0,0,0,93.07012352456262
2025-05-14 02:00:00,Wednesday,2,3,2.5,1,3,12.784522540826641,0.0,60.0,0,0,100.0
2025-05-14 03:00:00,Wednesday,3,4,2.6,1,3,13.018843430271854,0.0,60.0,0,0,90.3585102828351
2025-05-14 04:00:00,Wednesday,4,3,3.2,1,3,13.1555021799023,0.0,60.0,0,0,92.26652930653061
2025-05-14 05:00:00,Wednesday,5,1,2.3,1,3,7.572487256047911,0.0,60.0,0,0,100.0
2025-05-14 06:00:00,Wednesday,6,1,3.0,1,3,7.565994553990527,0.0,60.0,0,0,82.79781383418093
2025-05-14 07:00:00,Wednesday,7,4,3.9,2,5,10.738929575264134,0.0,60.0,0,0,98.93725287554459
2025-05-14 08:00:00,Wednesday,8,6,4.0,2,5,10.087152773693969,0.0,60.0,1,0,94.66638010890406
2025-05-14 09:00:00,Wednesday,9,8,3.3,2,5,16.506974999917823,0.0,60.0,1,0,100.0
2025-05-14 10:00:00,Wednesday,10,6,4.4,2,5,8.288045930018235,0.0,60.0,1,0,95.6353452443763
2025-05-14 11:00:00,Wednesday,11,6,4.1,2,5,10.322392582972036,0.0,60.0,0,0,100.0
2025-05-14 12:00:00,Wednesday,12,7,3.9,2,5,15.437972841032508,0.0,60.0,0,0,94.02099384229598
2025-05-14 13:00:00,Wednesday,13,5,3.9,2,5,9.137613357970219,0.0,60.0,1,0,93.01333476466354
2025-05-14 14:00:00,Wednesday,14,5,4.4,2,5,9.418336196293573,0.0,60.0,0,0,97.42937755325217
2025-05-14 15:00:00,Wednesday,15,0,3.6,2,5,5.739442093372467,0.0,60.0,0,0,95.9544419988913
2025-05-14 16:00:00,Wednesday,16,6,4.3,2,5,14.371526196174475,0.0,60.0,1,0,100.0
2025-05-14 17:00:00,Wednesday,17,10,3.3,2,5,21.675816876366653,0.0,60.0,1,0,88.48422759880637
2025-05-14 18:00:00,Wednesday,18,9,3.6,2,5,18.2479700659582,0.0,60.0,1,0,91.51457578426732
2025-05-14 19:00:00,Wednesday,19,8,3.7,2,5,14.785960792808037,0.0,60.0,1,0,95.08831882798545
2025-05-14 20:00:00,Wednesday,20,8,3.3,1,3,21.21408245040708,0.0,60.0,0,0,86.9317234805959
2025-05-14 21:00:00,Wednesday,21,8,3.7,1,3,22.046293985680705,0.0,60.0,1,0,92.13414602487383
2025-05-14 22:00:00,Wednesday,22,13,4.0,1,3,31.808686143815088,3.901578971956468,75.9865526432647,2,0,82.39198134035922
2025-05-14 23:00:00,Wednesday,23,3,4.1,1,3,13.310691614272109,0.0,60.0,0,0,94.03513350177724
2025-05-15 00:00:00,Thursday,0,5,2.7,1,3,14.99650562942943,0.0,60.0,0,0,100.0
2025-05-15 01:00:00,Thursday,1,4,3.1,1,3,15.552449931195365,0.0,60.0,0,0,91.95826633957967
2025-05-15 02:00:00,Thursday,2,2,2.7,1,3,6.693397157770219,0.0,60.0,0,0,95.29167291498288
2025-05-15 03:00:00,Thursday,3,0,3.0,1,3,5.224742420537644,0.0,60.0,0,0,95.72377804720637
2025-05-15 04:00:00,Thursday,4,4,3.5,1,3,9.833654547714884,0.0,60.0,0,0,98.23583533480301
2025-05-15 05:00:00,Thursday,5,0,3.4,1,3,5.0,0.0,60.0,0,0,99.8666533005547
2025-05-15 06:00:00,Thursday,6,2,3.2,1,3,12.183336653813111,0.0,60.0,0,0,91.68342962021677
2025-05-15 07:00:00,Thursday,7,1,3.9,2,5,5.988779067578032,0.0,60.0,0,0,84.88983148347842
2025-05-15 08:00:00,Thursday,8,2,3.1,2,5,5.0,0.0,60.0,0,0,100.0
2025-05-15 09:00:00,Thursday,9,2,3.1,2,5,8.881379502858831,0.0,60.0,0,0,92.55587300479696
2025-05-15 10:00:00,Thursday,10,7,3.1,2,5,12.278483642340236,0.0,60.0,1,0,88.69107957452044
2025-05-15 11:00:00,Thursday,11,5,3.9,2,5,8.947356967973773,0.0,60.0,0,0,96.06066504935465
2025-05-15 12:00:00,Thursday,12,3,3.1,2,5,8.496849923432265,0.0,60.0,0,0,100.0
2025-05-15 13:00:00,Thursday,13,2,3.6,2,5,5.966890288627882,0.0,60.0,0,0,97.7389347834586
2025-05-15 14:00:00,Thursday,14,3,4.3,2,5,11.782631300777862,0.0,60.0,0,0,94.46037202258721
2025-05-15 15:00:00,Thursday,15,3,3.2,2,5,7.4829065562759025,0.0,60.0,0,0,100.0
2025-05-15 16:00:00,Thursday,16,10,3.8,2,5,18.786729058547575,0.0,60.0,1,0,97.8203891280973
2025-05-15 17:00:00,Thursday,17,11,4.3,2,5,15.501522865701078,0.0,60.0,1,0,91.16019115931273
2025-05-15 18:00:00,Thursday,18,11,3.4,2,5,17.687528118474884,0.0,60.0,1,0,97.49637827775103
2025-05-15 19:00:00,Thursday,19,8,3.6,2,5,17.087545876249322,0.0,60.0,1,0,90.89695504712475
2025-05-15 20:00:00,Thursday,20,7,3.5,1,3,21.55964774327275,0.0,60.0,1,0,88.96958481814119
2025-05-15 21:00:00,Thursday,21,5,3.1,1,3,18.516894790326287,0.0,60.0,1,0,90.41999163791995
2025-05-15 22:00:00,Thursday,22,11,3.6,1,3,28.442899481695104,5.754110128894949,65.90340440918771,1,0,87.55845659657373
2025-05-15 23:00:00,Thursday,23,5,3.0,1,3,16.368241602371448,0.0,60.0,0,0,94.12351448062046
2025-05-16 00:00:00,Friday,0,2,2.7,1,3,12.410916337391205,0.0,60.0,0,0,98.75241585158646
2025-05-16 01:00:00,Friday,1,1,2.0,1,3,9.195298502213909,0.0,60.0,0,0,90.66721310830084
2025-05-16 02:00:00,Friday,2,2,2.1,1,3,11.527243102264475,0.0,60.0,0,0,99.42513404296083
2025-05-16 03:00:00,Friday,3,3,2.5,1,3,8.52238944304348,0.0,60.0,0,0,100.0
2025-05-16 04:00:00,Friday,4,4,2.3,1,3,17.024005005355853,0.0,60.0,0,0,89.13648765406465
2025-05-16 05:00:00,Friday,5,4,3.5,1,3,16.98291459266605,0.0,60.0,0,0,90.99248662644818
2025-05-16 06:00:00,Friday,6,1,2.2,1,3,10.169939543733182,0.0,60.0,0,0,93.52986896015051
2025-05-16 07:00:00,Friday,7,7,3.6,2,5,13.701369140190124,0.0,60.0,1,0,90.49282906291559
2025-05-16 08:00:00,Friday,8,3,3.9,2,5,9.364556615289871,0.0,60.0,0,0,92.78912282664523
2025-05-16 09:00:00,Friday,9,5,3.5,2,5,15.479323392883831,0.0,60.0,0,0,90.59524123298726
2025-05-16 10:00:00,Friday,10,4,4.1,2,5,9.922892090074921,0.0,60.0,0,0,90.1310243256974
2025-05-16 11:00:00,Friday,11,2,3.1,2,5,6.224150612666361,0.0,60.0,0,0,94.09264711089483
2025-05-16 12:00:00,Friday,12,8,3.1,2,5,14.615103001554179,0.0,60.0,1,0,94.28634527045088
2025-05-16 13:00:00,Friday,13,7,4.4,2,5,13.582302461152466,0.0,60.0,0,0,81.23293589899512
2025-05-16 14:00:00,Friday,14,4,4.0,2,5,11.960315972627033,0.0,60.0,0,0,97.0449729855428
2025-05-16 15:00:00,Friday,15,4,3.3,2,5,10.581282001243599,0.0,60.0,0,0,95.42773647985855
2025-05-16 16:00:00,Friday,16,13,4.1,2,5,24.483898540117416,0.0,60.0,1,0,95.29654476295426
2025-05-16 17:00:00,Friday,17,12,3.9,2,5,18.417370498953108,0.0,60.0,1,0,85.77046575038057
2025-05-16 18:00:00,Friday,18,10,4.1,2,5,18.593139324276045,0.0,60.0,1,0,83.4660089250478
2025-05-16 19:00:00,Friday,19,9,3.4,2,5,15.862722711070472,0.0,60.0,1,0,89.12459971941512
2025-05-16 20:00:00,Friday,20,9,3.5,1,3,26.149997985701912,2.2513726652206048,60.0,2,0,91.59847027595038
2025-05-16 21:00:00,Friday,21,12,3.6,1,3,31.496405073902714,9.1782452333716,72.39563649880708,2,0,80.09694035490817
2025-05-16 22:00:00,Friday,22,9,4.3,1,3,24.593436552005834,0.0,60.0,1,0,91.42323085584228
2025-05-16 23:00:00,Friday,23,7,3.6,1,3,24.601297600719313,0.8096369841406217,60.0,1,0,83.2415376476614
2025-05-17 00:00:00,Saturday,0,6,2.2,1,3,17.418114860095148,0.0,60.0,1,0,90.12518560036268
2025-05-17 01:00:00,Saturday,1,6,2.4,1,3,19.12511402188642,0.0,60.0,1,0,88.07123902942682
2025-05-17 02:00:00,Saturday,2,8,2.5,1,3,20.482539637217506,0.0,60.0,1,0,87.0290908203078
2025-05-17 03:00:00,Saturday,3,8,2.9,1,3,23.648136875366852,0.0,60.0,1,0,92.97724209952011
2025-05-17 04:00:00,Saturday,4,11,2.7,1,3,30.543210320608466,7.662229683527256,73.49304325607744,2,0,84.9776185072995
2025-05-17 05:00:00,Saturday,5,4,2.2,1,3,14.403595273922488,0.0,60.0,0,0,89.26760116143966
2025-05-17 06:00:00,Saturday,6,6,3.4,1,3,18.32226241444505,0.0,60.0,1,0,95.40508915412622
2025-05-17 07:00:00,Saturday,7,7,3.9,2,5,14.256781136302575,0.0,60.0,1,0,92.76069154663757
2025-05-17 08:00:00,Saturday,8,5,3.3,2,5,9.639521942774763,0.0,60.0,0,0,95.6663063674949
2025-05-17 09:00:00,Saturday,9,8,4.2,2,5,16.62886123056923,0.0,60.0,1,0,92.08020040426187
2025-05-17 10:00:00,Saturday,10,7,3.4,2,5,13.132394511245819,0.0,60.0,1,0,93.60435053886337
2025-05-17 11:00:00,Saturday,11,6,4.3,2,5,9.950584455079643,0.0,60.0,1,0,95.79393356936502
2025-05-17 12:00:00,Saturday,12,6,4.3,2,5,11.299903386066017,0.0,60.0,0,0,89.63508329955276
2025-05-17 13:00:00,Saturday,13,8,3.3,2,5,11.03142248725381,0.0,60.0,1,0,90.33029960202873
2025-05-17 14:00:00,Saturday,14,10,4.1,2,5,22.050663879949738,0.0,60.0,2,0,97.54937392658749
2025-05-17 15:00:00,Saturday,15,6,3.6,2,5,13.350118877006118,0.0,60.0,0,0,83.55507045277534
2025-05-17 16:00:00,Saturday,16,14,3.4,2,5,23.437661455413846,0.0,60.0,1,0,93.42370453139552
2025-05-17 17:00:00,Saturday,17,11,3.9,2,5,20.901955510089913,0.0,60.0,2,0,87.92919726068683
2025-05-17 18:00:00,Saturday,18,10,4.5,2,5,18.366817225782047,0.0,60.0,1,0,82.21572868380228
2025-05-17 19:00:00,Saturday,19,13,3.3,2,5,18.82812797457109,0.0,60.0,1,0,90.37062117409575
2025-05-17 20:00:00,Saturday,20,7,4.0,1,3,19.222263072730883,0.0,60.0,1,0,90.13250894216752
2025-05-17 21:00:00,Saturday,21,12,4.2,1,3,32.70371847304386,8.487192320746052,69.70133967291233,1,0,85.87401688842974
2025-05-17 22:00:00,Saturday,22,13,4.4,1,3,34.10260912336602,9.944682238400826,77.69329520908278,2,0,77.91398690210517
2025-05-17 23:00:00,Saturday,23,8,4.1,1,3,24.93152846449695,0.0,60.0,1,0,90.34609923790134
2025-05-18 00:00:00,Sunday,0,5,3.0,1,3,18.019437549309473,0.0,60.0,0,0,85.82162754849305
2025-05-18 01:00:00,Sunday,1,7,2.2,1,3,19.95146690653012,0.0,60.0,1,0,95.5791483740027
2025-05-18 02:00:00,Sunday,2,9,3.2,1,3,26.00446694282554,0.2896929270885167,60.0,2,0,87.0017733713455
2025-05-18 03:00:00,Sunday,3,5,2.5,1,3,18.22514097473845,0.0,60.0,0,0,96.20333713586045
2025-05-18 04:00:00,Sunday,4,8,3.0,1,3,24.293470974845828,0.0,60.0,1,0,91.44650537850828
2025-05-18 05:00:00,Sunday,5,11,3.2,1,3,28.961354237691978,2.2991133692561085,66.97621144119441,1,0,79.56564697188684
2025-05-18 06:00:00,Sunday,6,4,3.2,1,3,12.501558654480892,0.0,60.0,0,0,96.34181330863099
2025-05-18 07:00:00,Sunday,7,9,3.6,2,5,15.23403647717796,0.0,60.0,1,0,84.88873429992918
2025-05-18 08:00:00,Sunday,8,8,3.4,2,5,16.293646755904938,0.0,60.0,0,0,89.94623460727483
2025-05-18 09:00:00,Sunday,9,8,4.4,2,5,14.335388975720479,0.0,60.0,0,0,98.82818758737952
2025-05-18 10:00:00,Sunday,10,7,3.6,2,5,13.228252340147542,0.0,60.0,0,0,94.78211858925614
2025-05-18 11:00:00,Sunday,11,7,4.4,2,5,10.334480548920826,0.0,60.0,1,0,86.97508964810186
2025-05-18 12:00:00,Sunday,12,6,3.8,2,5,13.042605379935035,0.0,60.0,1,0,97.7628084680322
2025-05-18 13:00:00,Sunday,13,6,3.8,2,5,13.615492742305985,0.0,60.0,1,0,91.15170946104014
2025-05-18 14:00:00,Sunday,14,10,4.3,2,5,17.575615075522656,0.0,60.0,2,0,89.20471738501773
2025-05-18 15:00:00,Sunday,15,9,4.4,2,5,11.166229394685118,0.0,60.0,1,0,88.69177345859994
2025-05-18 16:00:00,Sunday,16,17,4.0,2,5,29.26471237357546,2.7115064045633477,60.0,2,0,80.76718089856543
2025-05-18 17:00:00,Sunday,17,10,3.7,2,5,16.18819715748465,0.0,60.0,1,0,98.28663389491699
2025-05-18 18:00:00,Sunday,18,9,4.5,2,5,16.122563164038958,0.0,60.0,1,0,91.75706634351842
2025-05-18 19:00:00,Sunday,19,10,4.2,2,5,17.54039870753075,0.0,60.0,1,0,87.19385553837566
2025-05-18 20:00:00,Sunday,20,12,4.2,1,3,32.46687723454917,7.371227427336025,67.6455356131367,2,0,77.22927579122059
2025-05-18 21:00:00,Sunday,21,12,4.5,1,3,28.42793923139435,1.3647584280614138,66.7479599867386,1,0,94.35334683892869
2025-05-18 22:00:00,Sunday,22,12,3.6,1,3,29.591980541708853,2.366499381354236,70.94396387720406,2,0,81.86207488827685
2025-05-18 23:00:00,Sunday,23,8,4.0,1,3,24.39959764514262,0.0,60.0,1,0,84.2925871208804
2025-05-19 00:00:00,Monday,0,7,3.0,1,3,22.822334532588137,0.0,60.0,1,0,89.58122208199316
2025-05-19 01:00:00,Monday,1,1,3.0,1,3,6.388927319326934,0.0,60.0,0,0,94.12428397977688
2025-05-19 02:00:00,Monday,2,4,2.2,1,3,11.001395653629125,0.0,60.0,0,0,93.02581882495606
2025-05-19 03:00:00,Monday,3,0,3.0,1,3,5.0,0.0,60.0,0,0,100.0
2025-05-19 04:00:00,Monday,4,0,3.4,1,3,6.483609751201137,0.0,60.0,0,0,94.85831714481034
2025-05-19 05:00:00,Monday,5,1,3.4,1,3,6.557922807293909,0.0,60.0,0,0,97.2094742514699
2025-05-19 06:00:00,Monday,6,4,3.1,1,3,16.107527809782333,0.0,60.0,0,0,100.0
2025-05-19 07:00:00,Monday,7,5,4.0,2,5,13.738166361397283,0.0,60.0,1,0,100.0
2025-05-19 08:00:00,Monday,8,3,3.9,2,5,8.414397332301013,0.0,60.0,0,0,95.77800906746064
2025-05-19 09:00:00,Monday,9,2,3.2,2,5,6.519066535595281,0.0,60.0,0,0,92.8318075082185
2025-05-19 10:00:00,Monday,10,0,3.6,2,5,5.0,0.0,60.0,0,0,100.0
2025-05-19 11:00:00,Monday,11,5,3.9,2,5,13.45764494108224,0.0,60.0,0,0,90.0685754539987
2025-05-19 12:00:00,Monday,12,6,4.2,2,5,11.737263391835421,0.0,60.0,1,0,95.63846049506157
2025-05-19 13:00:00,Monday,13,7,4.5,2,5,13.086651807351604,0.0,60.0,0,0,94.7486803837606
2025-05-19 14:00:00,Monday,14,4,3.2,2,5,8.192066140877145,0.0,60.0,0,0,96.9582750165042
2025-05-19 15:00:00,Monday,15,3,3.1,2,5,9.490927119049127,0.0,60.0,0,0,97.62291748676985
2025-05-19 16:00:00,Monday,16,6,3.2,2,5,11.652199197368759,0.0,60.0,0,0,93.28673229089068
2025-05-19 17:00:00,Monday,17,6,3.3,2,5,12.568759977645506,0.0,60.0,1,0,95.31535320966721
2025-05-19 18:00:00,Monday,18,11,4.3,2,5,16.926435135154218,0.0,60.0,2,0,86.25751045059256
2025-05-19 19:00:00,Monday,19,10,3.1,2,5,16.936456789357067,0.0,60.0,1,0,95.83757733602698
2025-05-19 20:00:00,Monday,20,9,3.4,1,3,26.761513829802865,0.0,60.0,0,0,81.83086639520039
2025-05-19 21:00:00,Monday,21,11,3.8,1,3,33.268824869252924,8.773031936316572,67.52371451566597,1,0,80.0367910093241
2025-05-19 22:00:00,Monday,22,6,4.0,1,3,19.73448035542586,0.0,60.0,1,0,91.42114087883314
2025-05-19 23:00:00,Monday,23,6,4.0,1,3,17.329495274941735,0.0,60.0,1,0,89.10492973320338
2025-05-20 00:00:00,Tuesday,0,2,2.7,1,3,7.759083688905392,0.0,60.0,0,0,93.2690326228411
2025-05-20 01:00:00,Tuesday,1,0,2.6,1,3,5.0,0.0,60.0,0,0,100.0
2025-05-20 02:00:00,Tuesday,2,1,2.2,1,3,8.405756971991423,0.0,60.0,0,0,97.40918599401385
2025-05-20 03:00:00,Tuesday,3,4,3.4,1,3,16.383765248186773,0.0,60.0,0,0,96.63712826529027
2025-05-20 04:00:00,Tuesday,4,1,2.7,1,3,9.713921759602563,0.0,60.0,0,0,89.5110651179901
2025-05-20 05:00:00,Tuesday,5,3,3.0,1,3,11.03533142676848,0.0,60.0,0,0,90.88873685516438
2025-05-20 06:00:00,Tuesday,6,2,2.4,1,3,8.897033701478104,0.0,60.0,0,0,100.0
2025-05-20 07:00:00,Tuesday,7,3,4.1,2,5,7.039899610718705,0.0,60.0,0,0,91.11159104902002
2025-05-20 08:00:00,Tuesday,8,5,3.2,2,5,10.573019426295694,0.0,60.0,1,0,96.90898226002702
2025-05-20 09:00:00,Tuesday,9,5,3.2,2,5,14.983993597344432,0.0,60.0,1,0,88.90293940925358
2025-05-20 10:00:00,Tuesday,10,0,3.0,2,5,8.839695944327206,0.0,60.0,0,0,94.25451506731238
2025-05-20 11:00:00,Tuesday,11,3,3.9,2,5,5.0,0.0,60.0,0,0,97.68240592585066
2025-05-20 12:00:00,Tuesday,12,3,3.8,2,5,9.220981370511517,0.0,60.0,0,0,92.21179420931297
2025-05-20 13:00:00,Tuesday,13,5,3.6,2,5,11.96023192933194,0.0,60.0,0,0,99.13038448846123
2025-05-20 14:00:00,Tuesday,14,1,3.8,2,5,5.536316236773052,0.0,60.0,0,0,97.78119125127364
2025-05-20 15:00:00,Tuesday,15,5,3.4,2,5,14.354136050922346,0.0,60.0,0,0,92.71864227649195
2025-05-20 16:00:00,Tuesday,16,7,3.1,2,5,16.26362193660288,0.0,60.0,1,0,88.3801454628267
2025-05-20 17:00:00,Tuesday,17,7,3.6,2,5,13.301162567830449,0.0,60.0,1,0,97.15052066217014
2025-05-20 18:00:00,Tuesday,18,7,3.1,2,5,16.070440805374623,0.0,60.0,0,0,88.1100692769643
2025-05-20 19:00:00,Tuesday,19,9,4.2,2,5,15.995934705555477,0.0,60.0,1,0,90.58872847061106
2025-05-20 20:00:00,Tuesday,20,10,3.5,1,3,28.057841254130995,3.7058675716840352,67.6945051239287,2,0,89.38592277743348
2025-05-20 21:00:00,Tuesday,21,8,3.8,1,3,24.23075563524807,2.3690312238452345,60.0,0,0,84.35883091460464
2025-05-20 22:00:00,Tuesday,22,10,3.7,1,3,26.22108514356642,0.5576803327721596,60.0,1,0,89.4775778680742
2025-05-20 23:00:00,Tuesday,23,6,3.1,1,3,17.391159085642613,0.0,60.0,1,0,93.53071098469151
2025-05-21 00:00:00,Wednesday,0,3,2.3,1,3,11.452339338810443,0.0,60.0,0,0,92.38809147983605
2025-05-21 01:00:00,Wednesday,1,0,2.4,1,3,5.0,0.0,60.0,0,0,97.02894643628683
2025-05-21 02:00:00,Wednesday,2,0,2.2,1,3,6.90894103481575,0.0,60.0,0,0,98.21590092089468
2025-05-21 03:00:00,Wednesday,3,1,2.8,1,3,8.010810158878842,0.0,60.0,0,0,93.77296583374599
2025-05-21 04:00:00,Wednesday,4,4,3.4,1,3,11.827595215017734,0.0,60.0,0,0,92.72302905975864
2025-05-21 05:00:00,Wednesday,5,3,2.3,1,3,12.009524031520282,0.0,60.0,0,0,93.3031110806238
2025-05-21 06:00:00,Wednesday,6,2,3.0,1,3,10.770904425158712,0.0,60.0,0,0,94.23666677389919
2025-05-21 07:00:00,Wednesday,7,7,4.2,2,5,11.497177646237402,0.0,60.0,0,0,100.0
2025-05-21 08:00:00,Wednesday,8,7,3.7,2,5,17.101452686683103,0.0,60.0,1,0,92.78600052692902
2025-05-21 09:00:00,Wednesday,9,3,3.9,2,5,8.789443075262337,0.0,60.0,0,0,92.10187761273258
2025-05-21 10:00:00,Wednesday,10,4,4.2,2,5,12.859216240370936,0.0,60.0,0,0,95.36537778826352
2025-05-21 11:00:00,Wednesday,11,5,3.0,2,5,12.473156212572666,0.0,60.0,1,0,96.4266389604388
2025-05-21 12:00:00,Wednesday,12,3,3.7,2,5,8.039108963562287,0.0,60.0,0,0,93.03827989621101
2025-05-21 13:00:00,Wednesday,13,1,4.2,2,5,5.30848073926042,0.0,60.0,0,0,100.0
2025-05-21 14:00:00,Wednesday,14,4,4.0,2,5,12.450546122497542,0.0,60.0,0,0,96.73848561650463
2025-05-21 15:00:00,Wednesday,15,6,4.2,2,5,14.630604873628783,0.0,60.0,1,0,86.7289658562802
2025-05-21 16:00:00,Wednesday,16,10,4.3,2,5,17.852999903937125,0.0,60.0,1,0,95.43711501812967
2025-05-21 17:00:00,Wednesday,17,11,3.7,2,5,16.18893629169943,0.0,60.0,2,0,97.99708161713905
2025-05-21 18:00:00,Wednesday,18,6,3.8,2,5,13.56888191273967,0.0,60.0,1,0,98.26382535309152
2025-05-21 19:00:00,Wednesday,19,9,4.2,2,5,16.76710359767487,0.0,60.0,1,0,87.21397942275605
2025-05-21 20:00:00,Wednesday,20,6,3.3,1,3,13.126765014863668,0.0,60.0,1,0,90.64697699106596
2025-05-21 21:00:00,Wednesday,21,10,3.2,1,3,27.424212963615176,1.558840076948655,60.0,1,0,87.75662427711634
2025-05-21 22:00:00,Wednesday,22,7,3.0,1,3,20.5850708579403,0.0,60.0,1,0,81.88110596461604
2025-05-21 23:00:00,Wednesday,23,6,3.1,1,3,21.516276006131047,0.0,60.0,1,0,90.0445615532586
2025-05-22 00:00:00,Thursday,0,3,2.6,1,3,11.672113516939453,0.0,60.0,0,0,88.74542506304248
2025-05-22 01:00:00,Thursday,1,5,2.3,1,3,12.980971950584589,0.0,60.0,1,0,94.91237875117564
2025-05-22 02:00:00,Thursday,2,1,2.1,1,3,5.0,0.0,60.0,0,0,94.89640273885571
2025-05-22 03:00:00,Thursday,3,1,2.2,1,3,7.955796581287664,0.0,60.0,0,0,98.25119184494017
2025-05-22 04:00:00,Thursday,4,0,2.9,1,3,6.9919308210480535,0.0,60.0,0,0,100.0
2025-05-22 05:00:00,Thursday,5,2,3.4,1,3,9.257964679730051,0.0,60.0,0,0,97.91792891028753
2025-05-22 06:00:00,Thursday,6,4,2.7,1,3,15.29858090749175,0.0,60.0,0,0,100.0
2025-05-22 07:00:00,Thursday,7,7,4.4,2,5,13.19242979854889,0.0,60.0,0,0,81.35145734013096
2025-05-22 08:00:00,Thursday,8,5,4.3,2,5,6.811399346263815,0.0,60.0,1,0,100.0
2025-05-22 09:00:00,Thursday,9,6,3.4,2,5,12.183232503562264,0.0,60.0,1,0,89.04393009883216
2025-05-22 10:00:00,Thursday,10,6,3.6,2,5,8.294639157033568,0.0,60.0,1,0,96.03308530848895
2025-05-22 11:00:00,Thursday,11,2,4.2,2,5,7.8748083676489875,0.0,60.0,0,0,100.0
2025-05-22 12:00:00,Thursday,12,1,4.2,2,5,6.7333501261506585,0.0,60.0,0,0,97.9245577397211
2025-05-22 13:00:00,Thursday,13,4,3.8,2,5,13.876432400434913,0.0,60.0,0,0,98.95287657756663
2025-05-22 14:00:00,Thursday,14,5,3.2,2,5,13.125909820189056,0.0,60.0,1,0,93.9775013235192
2025-05-22 15:00:00,Thursday,15,5,3.5,2,5,13.06964943935112,0.0,60.0,0,0,97.20746771855322
2025-05-22 16:00:00,Thursday,16,8,4.4,2,5,13.54501291552859,0.0,60.0,1,0,100.0
2025-05-22 17:00:00,Thursday,17,8,3.1,2,5,14.521396210825174,0.0,60.0,1,0,84.70877297007968
2025-05-22 18:00:00,Thursday,18,10,3.5,2,5,17.63086928562643,0.0,60.0,2,0,92.77452942010078
2025-05-22 19:00:00,Thursday,19,10,4.2,2,5,17.795161924081597,0.0,60.0,1,0,78.58243575070614
2025-05-22 20:00:00,Thursday,20,7,4.2,1,3,22.484424016162272,1.090945708114461,60.0,1,0,90.81977209585867
2025-05-22 21:00:00,Thursday,21,10,3.3,1,3,29.956291712395135,10.5578007805751,60.0,1,0,96.71205913901679
2025-05-22 22:00:00,Thursday,22,7,3.9,1,3,20.742439551788763,0.0,60.0,1,0,88.29032062332213
2025-05-22 23:00:00,Thursday,23,4,3.4,1,3,12.130620138635464,0.0,60.0,0,0,97.33158210810656
2025-05-23 00:00:00,Friday,0,3,3.1,1,3,10.907715527164687,0.0,60.0,0,0,97.01184753797111
2025-05-23 01:00:00,Friday,1,1,2.9,1,3,5.0,0.0,60.0,0,0,100.0
2025-05-23 02:00:00,Friday,2,3,2.4,1,3,9.099173926281038,0.0,60.0,0,0,97.1219033692197
2025-05-23 03:00:00,Friday,3,2,2.6,1,3,11.180403918314203,0.0,60.0,0,0,89.74484200611671
2025-05-23 04:00:00,Friday,4,1,2.6,1,3,5.746835154874276,0.0,60.0,0,0,94.79360225122058
2025-05-23 05:00:00,Friday,5,2,2.9,1,3,11.463889351528637,0.0,60.0,0,0,93.60865922936172
2025-05-23 06:00:00,Friday,6,3,3.3,1,3,9.602232524918929,0.0,60.0,0,0,98.66876292757375
2025-05-23 07:00:00,Friday,7,4,4.2,2,5,14.50302166281272,0.0,60.0,0,0,93.35445881929057
2025-05-23 08:00:00,Friday,8,0,3.1,2,5,5.0,0.0,60.0,0,0,93.3531957339766
2025-05-23 09:00:00,Friday,9,2,3.5,2,5,6.540800301960341,0.0,60.0,0,0,88.60452497902332
2025-05-23 10:00:00,Friday,10,3,4.2,2,5,11.729494589364855,0.0,60.0,0,0,95.02253798657833
2025-05-23 11:00:00,Friday,11,5,3.3,2,5,11.449807404878612,0.0,60.0,1,0,90.21746553454724
2025-05-23 12:00:00,Friday,12,4,4.4,2,5,11.936739925157502,0.0,60.0,0,0,99.65072232374226
2025-05-23 13:00:00,Friday,13,3,4.2,2,5,9.139583116395416,0.0,60.0,0,0,86.15442156737774
2025-05-23 14:00:00,Friday,14,6,3.5,2,5,12.744065022089137,0.0,60.0,1,0,91.53881025467993
2025-05-23 15:00:00,Friday,15,4,3.2,2,5,5.0,0.0,60.0,0,0,97.84024364982807
2025-05-23 16:00:00,Friday,16,10,3.4,2,5,14.232071121916075,0.0,60.0,1,0,88.1197784047242
2025-05-23 17:00:00,Friday,17,6,3.6,2,5,14.79264572928633,0.0,60.0,1,0,95.11520779436388
2025-05-23 18:00:00,Friday,18,8,3.4,2,5,20.823889463478693,0.0,60.0,1,0,97.02005374831295
2025-05-23 19:00:00,Friday,19,9,4.2,2,5,13.466749814507708,0.0,60.0,1,0,84.56948643065836
2025-05-23 20:00:00,Friday,20,7,3.7,1,3,19.930571379747462,0.0,60.0,1,0,96.58783456795344
2025-05-23 21:00:00,Friday,21,6,4.3,1,3,22.374665545101657,0.0,60.0,1,0,89.79063259399842
2025-05-23 22:00:00,Friday,22,7,3.3,1,3,19.458595479665036,0.0,60.0,0,0,87.78609547391474
2025-05-23 23:00:00,Friday,23,4,3.4,1,3,15.072087154418721,0.0,60.0,0,0,95.73534225452055
2025-05-24 00:00:00,Saturday,0,5,2.4,1,3,17.48242907145118,0.0,60.0,0,0,93.73773348198357
2025-05-24 01:00:00,Saturday,1,8,2.8,1,3,24.706322107365324,0.0,60.0,1,0,87.71059626902161
2025-05-24 02:00:00,Saturday,2,4,2.1,1,3,14.813920805627482,0.0,60.0,0,0,98.26843492811072
2025-05-24 03:00:00,Saturday,3,4,2.7,1,3,12.878620758948362,0.0,60.0,0,0,86.71890180894867
2025-05-24 04:00:00,Saturday,4,4,3.4,1,3,13.62611445998181,0.0,60.0,0,0,84.22201171088379
2025-05-24 05:00:00,Saturday,5,6,2.6,1,3,19.260735454623546,0.0,60.0,0,0,87.38714271131761
2025-05-24 06:00:00,Saturday,6,4,2.8,1,3,13.609326695182329,0.0,60.0,0,0,95.6873563927305
2025-05-24 07:00:00,Saturday,7,6,4.5,2,5,11.719244879241659,0.0,60.0,1,0,93.79474921714854
2025-05-24 08:00:00,Saturday,8,5,3.3,2,5,6.793463337845524,0.0,60.0,1,0,100.0
2025-05-24 09:00:00,Saturday,9,10,3.1,2,5,15.213407300690196,0.0,60.0,2,0,92.4296264751463
2025-05-24 10:00:00,Saturday,10,4,3.5,2,5,10.3819433708527,0.0,60.0,0,0,88.08829295456172
2025-05-24 11:00:00,Saturday,11,8,3.8,2,5,14.10443897506148,0.0,60.0,1,0,100.0
2025-05-24 12:00:00,Saturday,12,5,3.7,2,5,12.623897802249179,0.0,60.0,1,0,95.23456589281726
2025-05-24 13:00:00,Saturday,13,9,3.6,2,5,14.943996826953288,0.0,60.0,1,0,95.69854990847476
2025-05-24 14:00:00,Saturday,14,5,3.4,2,5,10.427913915230878,0.0,60.0,0,0,92.79380326271456
2025-05-24 15:00:00,Saturday,15,6,4.2,2,5,12.0332320545081,0.0,60.0,0,0,93.23932234048996
2025-05-24 16:00:00,Saturday,16,9,3.5,2,5,14.003473060754875,0.0,60.0,1,0,87.80979853163035
2025-05-24 17:00:00,Saturday,17,12,3.2,2,5,20.510762172905423,0.0,60.0,2,0,91.82539688690137
2025-05-24 18:00:00,Saturday,18,13,3.6,2,5,19.248247692721243,0.0,60.0,3,0,88.36529539142738
2025-05-24 19:00:00,Saturday,19,15,3.5,2,5,24.211153217918604,0.0,60.0,1,0,87.94545157873222
2025-05-24 20:00:00,Saturday,20,12,4.4,1,3,30.863638605655247,9.076712639369164,72.01581782781055,2,0,78.58358854999548
2025-05-24 21:00:00,Saturday,21,10,4.0,1,3,27.03211458017022,0.494518032633962,66.67333343107605,2,0,86.23568659457243
2025-05-24 22:00:00,Saturday,22,11,3.6,1,3,27.80366367647836,2.0612218101092417,66.1642950771794,1,0,87.11670243660065
2025-05-24 23:00:00,Saturday,23,7,3.1,1,3,21.35230799411414,0.0,60.0,0,0,100.0
2025-05-25 00:00:00,Sunday,0,3,2.8,1,3,12.287984145224844,0.0,60.0,0,0,84.91743937218884
2025-05-25 01:00:00,Sunday,1,5,2.2,1,3,18.23034871282269,0.0,60.0,0,0,84.63743629945577
2025-05-25 02:00:00,Sunday,2,8,3.1,1,3,25.372758237771098,0.0,60.0,1,0,93.89365042328562
2025-05-25 03:00:00,Sunday,3,5,2.3,1,3,16.650021747986436,0.0,60.0,0,0,83.52159202630395
2025-05-25 04:00:00,Sunday,4,3,2.2,1,3,13.826103631429158,0.0,60.0,0,0,88.77090703614896
2025-05-25 05:00:00,Sunday,5,7,2.3,1,3,20.33477185497572,0.0,60.0,1,0,90.02309626503761
2025-05-25 06:00:00,Sunday,6,5,2.1,1,3,12.980844090039716,0.0,60.0,1,0,93.54285448507572
2025-05-25 07:00:00,Sunday,7,6,3.2,2,5,10.570108531052965,0.0,60.0,0,0,100.0
2025-05-25 08:00:00,Sunday,8,7,4.1,2,5,13.240547435666677,0.0,60.0,1,0,90.20412697461035
2025-05-25 09:00:00,Sunday,9,9,3.1,2,5,16.62827868988395,0.0,60.0,1,0,88.20193978282308
2025-05-25 10:00:00,Sunday,10,7,4.2,2,5,12.65829168941129,0.0,60.0,1,0,91.4441808179999
2025-05-25 11:00:00,Sunday,11,5,3.1,2,5,10.605769904005271,0.0,60.0,0,0,91.99693557045492
2025-05-25 12:00:00,Sunday,12,9,3.5,2,5,14.052378389447709,0.0,60.0,1,0,84.90774848715517
2025-05-25 13:00:00,Sunday,13,7,4.3,2,5,12.55169677154095,0.0,60.0,0,0,84.78966733025707
2025-05-25 14:00:00,Sunday,14,6,3.8,2,5,14.539449800059508,0.0,60.0,1,0,93.58826752560672
2025-05-25 15:00:00,Sunday,15,7,3.0,2,5,14.393266226530283,0.0,60.0,1,0,95.33954563756544
2025-05-25 16:00:00,Sunday,16,8,4.4,2,5,16.827956306422436,0.0,60.0,0,0,96.36850685336071
2025-05-25 17:00:00,Sunday,17,10,3.2,2,5,17.973388328271103,0.0,60.0,2,0,94.68403518289226
2025-05-25 18:00:00,Sunday,18,10,4.0,2,5,16.079679191670156,0.0,60.0,1,0,85.5960457827401
2025-05-25 19:00:00,Sunday,19,12,3.6,2,5,17.978893654238668,0.0,60.0,2,0,93.5125110434411
2025-05-25 20:00:00,Sunday,20,13,4.0,1,3,33.88406294762028,7.644030652013567,76.26487624631027,1,0,75.71951153102098
2025-05-25 21:00:00,Sunday,21,11,4.1,1,3,28.257921617464056,4.26138602711961,71.2474668518008,2,0,89.27358656061969
2025-05-25 22:00:00,Sunday,22,12,4.1,1,3,32.14897634315044,10.771054111113834,67.45938923204851,1,0,77.31955184079261
2025-05-25 23:00:00,Sunday,23,10,3.6,1,3,24.796594173481783,2.659970501880254,61.92435938643789,1,0,93.18186657860804
2025-05-26 00:00:00,Monday,0,6,3.4,1,3,15.541829053190618,0.0,60.0,0,0,95.4546887854012
2025-05-26 01:00:00,Monday,1,5,2.4,1,3,16.38300948830554,0.0,60.0,0,0,95.27755268783055
2025-05-26 02:00:00,Monday,2,0,3.4,1,3,5.0,0.0,60.0,0,0,93.3553069319287
2025-05-26 03:00:00,Monday,3,0,2.5,1,3,6.143128736978432,0.0,60.0,0,0,95.2888064242718
2025-05-26 04:00:00,Monday,4,5,2.3,1,3,17.743894714275,0.0,60.0,0,0,84.68052982922953
2025-05-26 05:00:00,Monday,5,2,2.2,1,3,8.481114472228127,0.0,60.0,0,0,88.73425802533174
2025-05-26 06:00:00,Monday,6,0,2.1,1,3,7.252597694837222,0.0,60.0,0,0,93.34134376325045
2025-05-26 07:00:00,Monday,7,0,3.2,2,5,5.1891401845063445,0.0,60.0,0,0,100.0
2025-05-26 08:00:00,Monday,8,3,3.2,2,5,10.625390717110037,0.0,60.0,0,0,93.39613727575603
2025-05-26 09:00:00,Monday,9,5,3.4,2,5,10.411618324818232,0.0,60.0,0,0,92.3492552876188
2025-05-26 10:00:00,Monday,10,6,4.5,2,5,13.0257884485887,0.0,60.0,1,0,94.02396642224551
2025-05-26 11:00:00,Monday,11,6,3.1,2,5,10.615811676419758,0.0,60.0,0,0,99.33217227342054
2025-05-26 12:00:00,Monday,12,4,4.1,2,5,10.127711854280847,0.0,60.0,0,0,98.67853311743342
2025-05-26 13:00:00,Monday,13,3,4.0,2,5,9.58257747095129,0.0,60.0,0,0,100.0
2025-05-26 14:00:00,Monday,14,7,3.5,2,5,13.304816271071807,0.0,60.0,1,0,95.3158184014433
2025-05-26 15:00:00,Monday,15,7,4.5,2,5,13.694538889639144,0.0,60.0,0,0,92.68754171036142
2025-05-26 16:00:00,Monday,16,5,3.5,2,5,11.351234463772382,0.0,60.0,0,0,93.92622186869164
2025-05-26 17:00:00,Monday,17,10,4.1,2,5,15.884182042475112,0.0,60.0,1,0,89.66741915192851
2025-05-26 18:00:00,Monday,18,7,4.3,2,5,13.885831168202769,0.0,60.0,1,0,96.06050731722635
2025-05-26 19:00:00,Monday,19,10,3.4,2,5,14.612086479210028,0.0,60.0,1,0,93.5267179012227
2025-05-26 20:00:00,Monday,20,9,3.3,1,3,23.002159274424645,0.0,60.0,1,0,87.60774023358853
2025-05-26 21:00:00,Monday,21,10,3.3,1,3,29.763246007081413,5.8529314013341756,60.0,2,0,87.35479237323031
2025-05-26 22:00:00,Monday,22,9,4.0,1,3,24.3223631221667,2.6945905501768914,60.0,2,0,84.44832370592759
2025-05-26 23:00:00,Monday,23,6,4.1,1,3,22.054650535136314,0.0,60.0,1,0,96.26814180935115
2025-05-27 00:00:00,Tuesday,0,1,2.6,1,3,7.313587838088254,0.0,60.0,0,0,93.56426513844691
2025-05-27 01:00:00,Tuesday,1,5,3.2,1,3,14.003601112164402,0.0,60.0,1,0,89.59417372770426
2025-05-27 02:00:00,Tuesday,2,3,2.9,1,3,13.995188124061743,0.0,60.0,0,0,97.1596540928435
2025-05-27 03:00:00,Tuesday,3,3,2.9,1,3,13.796578976105451,0.0,60.0,0,0,94.61968037353363
2025-05-27 04:00:00,Tuesday,4,3,2.1,1,3,8.70879158169479,0.0,60.0,0,0,80.91637771796687
2025-05-27 05:00:00,Tuesday,5,2,3.0,1,3,10.124815947633227,0.0,60.0,0,0,94.02194084000637
2025-05-27 06:00:00,Tuesday,6,2,2.8,1,3,9.790633121954095,0.0,60.0,0,0,92.32587857980855
2025-05-27 07:00:00,Tuesday,7,5,4.3,2,5,9.618800068125324,0.0,60.0,0,0,90.26513939586003
2025-05-27 08:00:00,Tuesday,8,5,4.3,2,5,11.413911727456245,0.0,60.0,1,0,88.38711488296899
2025-05-27 09:00:00,Tuesday,9,4,3.3,2,5,10.645471885700566,0.0,60.0,0,0,85.76832532350029
2025-05-27 10:00:00,Tuesday,10,5,4.2,2,5,11.699542368431409,0.0,60.0,0,0,84.52109901714213
2025-05-27 11:00:00,Tuesday,11,6,3.5,2,5,11.49659253856342,0.0,60.0,0,0,92.01096678075174
2025-05-27 12:00:00,Tuesday,12,7,3.5,2,5,12.840671985953396,0.0,60.0,1,0,85.19711285871459
2025-05-27 13:00:00,Tuesday,13,7,3.3,2,5,11.409718525738962,0.0,60.0,1,0,95.2146017292464
2025-05-27 14:00:00,Tuesday,14,5,3.7,2,5,14.192315217315366,0.0,60.0,1,0,90.69601182764816
2025-05-27 15:00:00,Tuesday,15,6,3.4,2,5,15.577778531723776,0.0,60.0,0,0,96.29091057384123
2025-05-27 16:00:00,Tuesday,16,8,4.5,2,5,14.160027294796318,0.0,60.0,1,0,93.49359944523779
2025-05-27 17:00:00,Tuesday,17,7,3.8,2,5,11.689651065168341,0.0,60.0,1,0,85.61221517385152
2025-05-27 18:00:00,Tuesday,18,7,4.5,2,5,10.071579040507915,0.0,60.0,1,0,99.7533841838951
2025-05-27 19:00:00,Tuesday,19,7,4.2,2,5,14.307487193343057,0.0,60.0,1,0,90.8390443016716
2025-05-27 20:00:00,Tuesday,20,13,3.1,1,3,31.99810908129968,7.9586989832169515,77.61608034581079,2,0,86.85513892794265
2025-05-27 21:00:00,Tuesday,21,7,3.2,1,3,23.946184167373925,0.0,60.0,1,0,90.77066805142421
2025-05-27 22:00:00,Tuesday,22,6,4.5,1,3,20.04339148906306,0.0,60.0,1,0,86.95411758439678
2025-05-27 23:00:00,Tuesday,23,4,3.4,1,3,15.585761376045172,0.0,60.0,0,0,88.19208780672176
2025-05-28 00:00:00,Wednesday,0,0,2.5,1,3,5.0,0.0,60.0,0,0,100.0
2025-05-28 01:00:00,Wednesday,1,3,2.3,1,3,12.740411693749156,0.0,60.0,0,0,85.04664977385286
2025-05-28 02:00:00,Wednesday,2,2,3.2,1,3,7.332541616304377,0.0,60.0,0,0,100.0
2025-05-28 03:00:00,Wednesday,3,3,3.4,1,3,9.973573016025796,0.0,60.0,0,0,95.45890191166
2025-05-28 04:00:00,Wednesday,4,0,2.1,1,3,8.626320872702196,0.0,60.0,0,0,100.0
2025-05-28 05:00:00,Wednesday,5,2,2.9,1,3,8.845847417202233,0.0,60.0,0,0,95.07041980722514
2025-05-28 06:00:00,Wednesday,6,2,3.5,1,3,8.207606504624659,0.0,60.0,0,0,91.46576486104516
2025-05-28 07:00:00,Wednesday,7,4,4.2,2,5,8.10222436257399,0.0,60.0,0,0,100.0
2025-05-28 08:00:00,Wednesday,8,8,3.9,2,5,14.95073557100778,0.0,60.0,1,0,92.63934676427806
2025-05-28 09:00:00,Wednesday,9,5,3.0,2,5,11.249715373802221,0.0,60.0,0,0,98.4180797580607
2025-05-28 10:00:00,Wednesday,10,4,4.4,2,5,9.290920336416876,0.0,60.0,0,0,85.27021606444286
2025-05-28 11:00:00,Wednesday,11,2,3.4,2,5,10.713732751052918,0.0,60.0,0,0,86.3513695151318
2025-05-28 12:00:00,Wednesday,12,4,3.2,2,5,9.211221376378777,0.0,60.0,0,0,100.0
2025-05-28 13:00:00,Wednesday,13,6,3.1,2,5,14.381886542966258,0.0,60.0,0,0,94.25033701328627
2025-05-28 14:00:00,Wednesday,14,5,3.5,2,5,11.24548763693025,0.0,60.0,0,0,99.75010465279439
2025-05-28 15:00:00,Wednesday,15,2,3.5,2,5,5.721841335322425,0.0,60.0,0,0,99.62937193501135
2025-05-28 16:00:00,Wednesday,16,10,4.0,2,5,14.50444190881119,0.0,60.0,1,0,86.87743352287563
2025-05-28 17:00:00,Wednesday,17,8,4.5,2,5,14.992620569255816,0.0,60.0,1,0,95.00733903673547
2025-05-28 18:00:00,Wednesday,18,4,3.1,2,5,10.164724028330262,0.0,60.0,0,0,87.17224392781817
2025-05-28 19:00:00,Wednesday,19,9,3.4,2,5,14.215143760186866,0.0,60.0,1,0,96.63116394274532
2025-05-28 20:00:00,Wednesday,20,5,3.7,1,3,16.6338190232729,0.0,60.0,0,0,77.21295271933721
2025-05-28 21:00:00,Wednesday,21,11,4.2,1,3,31.117646699490173,3.8441088916090322,60.0,2,0,84.64020752501567
2025-05-28 22:00:00,Wednesday,22,9,3.1,1,3,25.548705899285245,0.0,60.0,0,0,90.65463380817766
2025-05-28 23:00:00,Wednesday,23,2,3.7,1,3,10.666342157348751,0.0,60.0,0,0,94.24918973412545
2025-05-29 00:00:00,Thursday,0,0,3.1,1,3,5.0,0.0,60.0,0,0,100.0
2025-05-29 01:00:00,Thursday,1,5,3.1,1,3,11.999025990745835,0.0,60.0,0,0,94.28704718179729
2025-05-29 02:00:00,Thursday,2,3,2.9,1,3,13.06736546969901,0.0,60.0,0,0,87.82591924089917
2025-05-29 03:00:00,Thursday,3,2,2.8,1,3,10.97805438665118,0.0,60.0,0,0,93.64124307968096
2025-05-29 04:00:00,Thursday,4,4,2.7,1,3,10.227048182136352,0.0,60.0,0,0,87.97365561258573
2025-05-29 05:00:00,Thursday,5,0,3.0,1,3,5.0,0.0,60.0,0,0,98.11241100862085
2025-05-29 06:00:00,Thursday,6,3,3.3,1,3,11.691538370161501,0.0,60.0,0,0,87.74414024138868
2025-05-29 07:00:00,Thursday,7,3,3.7,2,5,9.674414561786808,0.0,60.0,0,0,99.98451862009848
2025-05-29 08:00:00,Thursday,8,5,3.9,2,5,14.2813964119267,0.0,60.0,0,0,97.33586917199835
2025-05-29 09:00:00,Thursday,9,3,4.3,2,5,9.51175180546219,0.0,60.0,0,0,100.0
2025-05-29 10:00:00,Thursday,10,5,3.1,2,5,12.111914496522024,0.0,60.0,0,0,99.28535405962594
2025-05-29 11:00:00,Thursday,11,2,3.8,2,5,8.078276491105155,0.0,60.0,0,0,86.03468094258591
2025-05-29 12:00:00,Thursday,12,4,3.5,2,5,9.434847108059774,0.0,60.0,0,0,99.51847290321678
2025-05-29 13:00:00,Thursday,13,7,3.6,2,5,11.749330666942901,0.0,60.0,1,0,100.0
2025-05-29 14:00:00,Thursday,14,2,3.1,2,5,7.531539088843972,0.0,60.0,0,0,98.73807520638474
2025-05-29 15:00:00,Thursday,15,4,3.4,2,5,11.00187787119965,0.0,60.0,0,0,99.40740639292937
2025-05-29 16:00:00,Thursday,16,7,4.0,2,5,14.981067668052226,0.0,60.0,1,0,92.27039119418656
2025-05-29 17:00:00,Thursday,17,6,3.6,2,5,12.834224387709941,0.0,60.0,0,0,98.20689446085782
2025-05-29 18:00:00,Thursday,18,9,4.4,2,5,16.978973057346114,0.0,60.0,0,0,100.0
2025-05-29 19:00:00,Thursday,19,6,3.8,2,5,14.3189163155141,0.0,60.0,0,0,91.69690576444174
2025-05-29 20:00:00,Thursday,20,7,3.7,1,3,22.726637403435564,0.0,60.0,1,0,81.37124674253904
2025-05-29 21:00:00,Thursday,21,8,4.4,1,3,22.335821446906778,0.0,60.0,1,0,88.97611504078054
2025-05-29 22:00:00,Thursday,22,8,3.7,1,3,22.38634113016038,0.0,60.0,1,0,87.77010354401149
2025-05-29 23:00:00,Thursday,23,5,3.3,1,3,18.533203898092744,0.0,60.0,1,0,98.81705218035015
2025-05-30 00:00:00,Friday,0,3,2.7,1,3,10.340924589005947,0.0,60.0,0,0,93.69521942413353
2025-05-30 01:00:00,Friday,1,2,3.0,1,3,8.136368196475367,0.0,60.0,0,0,100.0
2025-05-30 02:00:00,Friday,2,4,3.4,1,3,15.277265635830446,0.0,60.0,0,0,100.0
2025-05-30 03:00:00,Friday,3,2,3.1,1,3,9.61421391075245,0.0,60.0,0,0,86.42337059838036
2025-05-30 04:00:00,Friday,4,4,2.7,1,3,12.849077322636386,0.0,60.0,0,0,94.79683041337577
2025-05-30 05:00:00,Friday,5,4,2.9,1,3,13.671738841574617,0.0,60.0,0,0,98.07354213557599
2025-05-30 06:00:00,Friday,6,1,2.1,1,3,7.48967473721594,0.0,60.0,0,0,93.38129989397547
2025-05-30 07:00:00,Friday,7,5,3.8,2,5,13.533751518206671,0.0,60.0,0,0,100.0
2025-05-30 08:00:00,Friday,8,9,4.1,2,5,18.016848371147432,0.0,60.0,1,0,89.66507271063693
2025-05-30 09:00:00,Friday,9,4,4.1,2,5,9.755634884429586,0.0,60.0,0,0,93.49667238912608
2025-05-30 10:00:00,Friday,10,6,3.2,2,5,14.781903004214879,0.0,60.0,1,0,92.82066278411745
2025-05-30 11:00:00,Friday,11,4,3.8,2,5,8.841999089797763,0.0,60.0,0,0,100.0
2025-05-30 12:00:00,Friday,12,8,3.0,2,5,14.179611922262335,0.0,60.0,1,0,89.89147714132402
2025-05-30 13:00:00,Friday,13,3,3.2,2,5,11.280286237956535,0.0,60.0,0,0,91.58598307946633
2025-05-30 14:00:00,Friday,14,4,4.4,2,5,11.819976027550736,0.0,60.0,0,0,94.26397804446007
2025-05-30 15:00:00,Friday,15,6,4.4,2,5,13.356225906896213,0.0,60.0,1,0,91.95074449927702
2025-05-30 16:00:00,Friday,16,10,3.1,2,5,17.69702677081035,0.0,60.0,1,0,92.7259570975965
2025-05-30 17:00:00,Friday,17,10,4.3,2,5,14.391305724260953,0.0,60.0,1,0,92.39112339629841
2025-05-30 18:00:00,Friday,18,6,3.4,2,5,13.192059108989078,0.0,60.0,1,0,83.57679931151641
2025-05-30 19:00:00,Friday,19,11,3.9,2,5,18.268442198018086,0.0,60.0,1,0,91.46685551928934
2025-05-30 20:00:00,Friday,20,8,4.2,1,3,22.56187077004818,0.0,60.0,1,0,87.47784413896251
2025-05-30 21:00:00,Friday,21,9,3.7,1,3,22.76914853406138,0.0,60.0,2,0,91.85437691380326
2025-05-30 22:00:00,Friday,22,8,4.4,1,3,22.956570074110818,0.0,60.0,1,0,86.07885965957874
2025-05-30 23:00:00,Friday,23,6,3.6,1,3,12.968934680184354,0.0,60.0,0,0,92.52322429202262
